sub-basin site compared to outlet,p-value
Weeks ***,5.898248544625769e-7
ChrisCrk,0.2070427751560462
LeechHead,0.4666097379297979
CraggCrk,0.09748045226881683
WestLeech *,0.014978073449610232
