Set,Days held,temp range,DOC sig.diff,DOC p-value,UV 254 sig.diff,UV 254 p-value
A,11,7.03 ± 2.32,at 99%,0.007936507936507936,"NA",0.15079365079365079
B,20,7.26 ± 1.72,"NA",0.42063492063492064,"NA",0.15079365079365079
C,34,5.32 ± 2.46,"NA",0.2222222222222222,at 99%,0.007936507936507936
