rain_season,count,mean_RSD_SAC,SACmin,SACmedian,SACmax,mean_RSD_E2E3,E2E3min,E2E3median,E2E3max
dry,25,8.99 ± 63%,4.692,7.0376666666666665,27.7265,4.29 ± 5%,3.771538692738813,4.376067552815771,4.584172011049546
wet,139,18.33 ± 44%,6.85,16.311,41.66166666666667,4.65 ± 29%,3.923720046447799,4.528484912041528,20.19584699453552
overall,164,16.9 ± 50%,4.692,14.873,41.66166666666667,4.6 ± 7%,3.771538692738813,4.501913416357761,20.19584699453552
