sample_type,count,SACmean,SACsd,RSD,SACmin,SACmedian,SACmax,E2E3mean,E2E3sd,E2E3min,E2E3median,E2E3max
Grab,109,17.027682795698926,7.50601241123316,5,7.395,14.6375,37.073,4.488529743146209,0.23825541722502402,3.9800812347684804,4.4679994704992225,5.032264515698954
Rack,170,21.365041666666666,6.9413831994517645,9,10.254,20.820500000000003,39.816,4.305083271291733,0.3929059446950768,1.2420790170231406,4.326250433529637,4.836504617529186
all,366,16.90410975609756,8.368874707384917,24,4.692,14.873,41.66166666666667,4.464326885572955,1.0599792584558225,1.2420790170231406,4.396444727620262,20.19584699453552
