rain_season,count,DOCmean,DOCsd,RSD,DOCmin,DOCmedian,DOCmax
dry,39,5.467461538461539,2.743207389421463,50,1.649,5.968,12.81
wet,279,6.173706093189964,2.879964646752712,47,1.845,5.642,19.07
All,318,6.087091194968553,2.8687429403666163,47,1.649,5.650499999999999,19.07
