count,DOCmean,DOCsd,DOCmin,DOCmedian,DOCmax
442,6.149727272727273,2.9229798472465394,1.649,5.654,19.07
