site,subbasin_type,count,DOCmean,DOCsd,RSD,DOCmin,DOCmedian,DOCmax
Weeks,headwater,49,9.93742857142857,3.416592527650905,34.38105243316227,3.782,9.693,19.07
ChrisCrk,headwater,42,4.927333333333333,2.0841225757064064,42.29717039046962,1.845,4.652,9.157
LeechHead,mainstem,44,7.171977272727273,1.7407032592262133,24.27089759257254,3.95,6.9195,11.64
CraggCrk,mainstem,62,4.704532258064516,1.530513443450172,32.532744160199215,1.788,4.446,8.219
WestLeech,mainstem,57,5.798421052631579,2.360440598606301,40.708333823654094,1.997,5.549,10.95
Tunnel,outlet,64,4.750859375,1.8386329969221784,38.70106125635803,1.649,4.977,9.024
summary,headwater,91,7.625076923076923,3.8094404028552518,49.959370132072586,1.845,6.952,19.07
summary,mainstem,163,5.753116564417178,2.140243390430042,37.20146057299397,1.788,5.549,11.64
summary,all nested catchments (sites 1-5),254,6.423779527559055,2.983994394110879,46.45231644873645,1.788,6.088,19.07
