count,DOCmean,DOCsd,DOCmin,DOCmedian,DOCmax
519,6.132657915057915,3.063826938060945,0.1889,5.654,29.75
