sub-basin site compared to outlet,p-value
Weeks ***,6.032894153781324e-7
ChrisCrk,0.21037875811073556
LeechHead,0.45934093732555814
CraggCrk,0.09450580357511108
WestLeech *,0.015335818607270776
