count,DOCmean,DOCsd,DOCmin,DOCmedian,DOCmax
225,5.816674107142857,3.015125034560768,1.649,5.2844999999999995,18.74
