sub-basin site compared to outlet,p-value
Weeks ***,2.3443767836507133e-6
ChrisCrk,0.20360635576888025
LeechHead,0.5474354356718664
CraggCrk,0.17315930123250545
WestLeech *,0.019709613390853687
