count,DOCmean,DOCsd,DOCmin,DOCmedian,DOCmax
517,6.1468211764705885,3.0812752809505106,0.1889,5.660500000000001,29.75
