count,DOCmean,DOCsd,DOCmin,DOCmedian,DOCmax
441,6.167920091324201,2.9211338595888763,1.649,5.660500000000001,19.07
