site,subbasin_type,count,DOCmean,DOCsd,RSD,DOCmin,DOCmedian,DOCmax
Weeks,headwater,56,9.902696428571428,3.6104328721568346,36.45908867548391,3.782,9.4385,19.07
ChrisCrk,headwater,49,4.852244897959184,2.0027456729305837,41.27462061473695,1.845,4.739,9.157
LeechHead,mainstem,51,7.075803921568627,1.695260287030966,23.958553767486897,3.95,6.842,11.64
CraggCrk,mainstem,71,4.704802816901409,1.4564363025620184,30.956372864978643,1.788,4.456,8.219
WestLeech,mainstem,67,5.5837164179104475,2.271615896668954,40.6828665113162,1.997,5.358,10.95
Tunnel,outlet,74,4.770418918918919,1.7292423870186124,36.24927739911145,1.649,4.936,9.024
SUMMARY,headwater,105,7.545819047619047,3.892855207796004,51.58956480707455,1.845,6.766,19.07
SUMMARY,mainstem,189,5.656169312169312,2.063039444067091,36.474145843343805,1.788,5.358,11.64
