count,DOCmean,DOCsd,DOCmin,DOCmedian,DOCmax
220,5.797918181818182,3.018407613785054,1.649,5.252000000000001,18.74
