count,DOCmean,DOCsd,DOCmin,DOCmedian,DOCmax
255,5.728729411764706,3.0817609524792853,1.649,5.177,18.74
