count,DOCmean,DOCsd,DOCmin,DOCmedian,DOCmax
444,6.149027149321267,2.9182884617094493,1.649,5.654,19.07
