count,DOCmean,DOCsd,DOCmin,DOCmedian,DOCmax
659,6.340411550151976,3.071890676756335,0.1889,5.864,29.75
