site,DOC_mean,DOC_sd,RSD
Weeks,10.315814814814814,3.7519397453554313,36.37075512413398
ChrisCrk,5.117757142857143,1.9517318020471341,38.13646774488249
LeechHead,7.197842105263158,1.705662647791226,23.69686112653156
CraggCrk,4.894505263157894,1.5235744217428389,31.12826199638901
WestLeech,5.931568421052631,2.3406350777251177,39.46064365400581
Tunnel,5.002631578947368,1.711097159860165,34.20394112292808
