count,DOCmean,DOCsd,DOCmin,DOCmedian,DOCmax
229,5.78621052631579,3.0041574451888207,1.649,5.252000000000001,18.74
