count,DOCmean,DOCsd,DOCmin,DOCmedian,DOCmax
421,6.166655581947744,2.9536176434120107,1.649,5.642,19.07
