sub-basin site compared to outlet,p-value
Weeks ***,6.618772480501864e-6
ChrisCrk,0.0640549552039242
LeechHead,0.7801846412408097
CraggCrk,0.5311348199308907
WestLeech *,0.003107862431898265
