count,DOCmean,DOCsd,DOCmin,DOCmedian,DOCmax
259,5.7494822134387356,3.084586231397724,1.649,5.177,18.74
