count,DOCmean,DOCsd,DOCmin,DOCmedian,DOCmax
227,5.784362831858407,3.013763578611956,1.649,5.252000000000001,18.74
