Analysis,Set,p.value,sig.diff
NPOC_ppm,A,0.007936507936507936,at 99%
NPOC_ppm,B,0.09523809523809523,at 90%
NPOC_ppm,C,0.2222222222222222,"NA"
SAC254_Abs.m,A,0.15079365079365079,"NA"
SAC254_Abs.m,B,0.15079365079365079,"NA"
SAC254_Abs.m,C,0.007936507936507936,at 99%
