Set,Days held,Temp range,Median Temp.,DOC change (%),sig.diff (DOC),p-value (DOC),UV 254 change (%),sig.diff (UV 254),p-value (UV 254)
A,11,6.5°C ± 2.4°C,5.475°C,-45,at 99%,0.007936507936507936,-0,"NA",0.15079365079365079
B,20,7°C ± 1.7°C,6.813°C,1,"NA",0.42063492063492064,-8,"NA",0.15079365079365079
C,34,4.7°C ± 2.9°C,5.16°C,-23,"NA",0.2222222222222222,-34,at 99%,0.007936507936507936
