Set,Days held,Temp range,DOC change (%),sig.diff (DOC),p-value (DOC),UV 254 change (%),sig.diff (UV 254),p-value (UV 254)
A,11,7.1 ± 2.2,-45,***,0.007936507936507936,-0,"NA",0.15079365079365079
B,20,6.0 ± 2.7,1,"NA",0.42063492063492064,-8,"NA",0.15079365079365079
C,34,4.3 ± 3.2,-23,"NA",0.2222222222222222,-34,***,0.007936507936507936
