year,station name,annual precip. (mm),mean air temp. (°C),sd air temp. (± °C)
2018,FWx Chris Creek,1967.83,8.07452480164393,7.511868435339366
2018,FWx Martins Gulch,2042.35,8.916715659693484,7.259151031113052
2019,FWx Chris Creek,1428.3700000000001,7.484631410713776,7.239802786832115
2019,FWx Martins Gulch,1486.66,8.375552955278405,6.942069617504289
