year,station name,annual precip. (mm),mean air temp. (°C),sd air temp. (± °C)
2018,FWx Chris Creek,1967.83,8.074524802,7.511868435
2018,FWx Martins Gulch,2042.35,8.91671566,7.259151031
2019,FWx Chris Creek,1428.37,7.484631411,7.239802787
2019,FWx Martins Gulch,1486.66,8.375552955,6.942069618
