site,Parameter,p.value
Weeks,NPOC_ppm,0.3205071488186718
ChrisCrk,NPOC_ppm,0.530165586986524
LeechHead,NPOC_ppm,0.07802088834219807
CraggCrk,NPOC_ppm,0.8629905592961045
WestLeech,NPOC_ppm,0.5625252718523592
Tunnel,NPOC_ppm,0.10180768955138592
LWSA,Rain (mm),0.5735294117647058
LWSA,Intensity (mm/hr),0.4264705882352941
