site,Parameter,p.value
Weeks,DOC (mg/L),0.3205071488186718
ChrisCrk,DOC (mg/L),0.530165586986524
LeechHead,DOC (mg/L),0.07802088834219807
CraggCrk,DOC (mg/L),0.8629905592961045
WestLeech,DOC (mg/L),0.5625252718523592
Tunnel,DOC (mg/L),0.10180768955138592
LWSA,Rain (mm),0.5735294117647058
LWSA,Intensity (mm/hr),0.4264705882352941
