Parameter,p.value
Rain (mm),0.5735294117647058
Intensity (mm/hr),0.4264705882352941
