site,Parameter,p.value
Weeks,DOC (mg/L),0.4054758810837448
ChrisCrk,DOC (mg/L),0.4139567077250598
LeechHead,DOC (mg/L),0.13163211279429957
CraggCrk,DOC (mg/L),0.9134941667009233
WestLeech,DOC (mg/L),0.8161684702904242
Tunnel,DOC (mg/L),0.08100282965724147
LWSA,Rain (mm),0.5735294117647058
LWSA,Intensity (mm/hr),0.4264705882352941
