site,p.value
Weeks,0.3205071488186718
ChrisCrk,0.530165586986524
LeechHead,0.07802088834219807
CraggCrk,0.8629905592961045
WestLeech,0.5625252718523592
Tunnel,0.10180768955138592
