site,trip,event_ID,DOC,sd_DOC,Nitrate,sd_Nitrate,surrDOC,sd_surrDOC,SAC254,sd_SAC254,est254,sd_est254,SUVA,sd_SUVA,pseudo_SUVA,sd_pseudo_SUVA
CraggCrk,2,2,5.232,NA,0.149,NA,6.621,NA,NaN,NA,29.06075,NA,5.554424694189602,NA,5.554424694189602,NA
LeechHead,4,3,5.832,NA,0.339,NA,9.147,NA,NaN,NA,27.138599999999997,NA,4.653395061728395,NA,4.653395061728395,NA
ChrisCrk,20,12,2.5940000000000003,0.02969848480983518,NA,NA,NA,NA,NA,NA,NA,NA,NA,NA,NA,NA
LeechHead,20,12,5.715,NA,0.395,NA,9.119,NA,22.242,NA,26.87235,NA,3.8918635170603677,NA,4.702073490813649,NA
CraggCrk,23,15,3.787,NA,0,NA,4.978,NA,12.141,NA,13.74315,NA,3.20596778452601,NA,3.629033535780301,NA
