site,error_mean,Hobo_median,Predicted_median,min_Hobo,min_Predicted,max_Hobo,max_Predicted
Weeks,109.8949029466899,2.797,3.668228668607989,-10.092,-5.275054795031946,23.376,19.599454050074108
ChrisCrk,84.39295919474341,3.221,3.848305379780044,-11.29,-5.097401271589039,26.378,19.783847335803106
LeechHead,219.13791838125653,2.85,3.65315764458459,-9.269,-5.277862188895137,25.477,19.562537061213348
CraggCrk,51.97310607350364,3.932,4.505019669690437,-11.005,-4.426854085634048,34.783,20.41592023025054
WestLeech,82.96812047479233,4.48,4.891414471521653,-5.885,-4.087668959043498,24.605,20.88641255392624
Tunnel,-3.128442947465152,5.076,5.778385917236372,-5.823,-4.559992698081782,33.183,24.19478079828699
