site,p.value
Weeks,1.4997354082910947e-80
ChrisCrk,5.249416319454979e-61
LeechHead,3.2084417416036074e-86
CraggCrk,3.611061763955738e-26
WestLeech,0.008391578478120424
Tunnel,2.7985669848496016e-12
