site,p.value
Weeks,1.4432234381661255e-80
ChrisCrk,5.188926995141908e-61
LeechHead,3.069758726552565e-86
CraggCrk,3.6183928187180564e-26
WestLeech,0.008348558009614178
Tunnel,2.8566103431490964e-12
