site,error_mean,Hobo_mean,sd_Hobo,Predicted_mean,sd_Predicted,min_Hobo,min_Predicted,max_Hobo,max_Predicted
Weeks,-33.64716938998045,4.18233294310466,5.158837280463812,4.189062390055603,4.886344808425932,-10.092,-8.366904852448984,23.376,24.62132109622497
ChrisCrk,-3.304679304394245,4.3638435963474596,5.368211276572701,4.370653922833834,5.114244605176578,-11.29,-8.770925366049557,26.378,25.755875997094485
LeechHead,-65.19220606994918,4.166287637555608,5.168638021640143,4.173383487745258,4.8499109027250356,-9.269,-8.288963074182703,25.477,24.453293758398345
CraggCrk,-0.5272630532150928,5.011699636278306,6.039866205451459,5.0186806535026,5.552619634144614,-11.005,-9.374459408065595,34.783,28.550326170968575
WestLeech,-7.767275881608499,5.407565675485835,4.997324995413342,5.413494664008828,4.669527028633842,-5.885,-6.585336918325508,24.605,24.939129473892823
Tunnel,-28.075774947283463,6.369545369394684,5.661988502673826,6.376284775979434,5.268874562260268,-5.823,-7.1629312920534005,33.183,28.407203847599163
