site,p.value
Weeks,5.976945806935976e-78
ChrisCrk,8.394890463372513e-59
LeechHead,1.593179112800441e-83
CraggCrk,6.575084936790786e-26
WestLeech,0.02008394296351612
Tunnel,2.88226213009836e-13
