site,p.value
Weeks,0.001610718956745847
ChrisCrk,0.0070614929768855
LeechHead,9.849747092339064e-4
CraggCrk,0.047246942067037695
WestLeech,0.5757188585411601
Tunnel,0.2926608501466067
