site,error_mean,Hobo_median,Predicted_median,min_Hobo,min_Predicted,max_Hobo,max_Predicted
Weeks,-33.696926918499024,2.797,3.5354829482366763,-10.092,-8.356180991636204,23.376,24.60071621315435
ChrisCrk,-3.268597976924582,3.221,3.687595420921525,-11.29,-8.760012687253916,26.378,25.73764406968945
LeechHead,-65.26145757306216,2.85,3.5248100063459025,-9.269,-8.28002271781855,25.477,24.436227974865787
CraggCrk,-0.483513235527121,3.932,4.314469075150852,-11.005,-9.367749385295774,34.783,28.551541776513442
WestLeech,-7.833118324769213,4.48,4.785164449815715,-5.885,-6.583483708587981,24.605,24.92391261613083
Tunnel,-28.289747049930313,5.076,5.673033482507057,-5.823,-7.1504767227573165,33.183,28.388965846118232
