site,p.value
Weeks,2.6208855415952403e-80
ChrisCrk,8.439846396358405e-61
LeechHead,9.22438224619227e-86
CraggCrk,7.237941901605346e-27
WestLeech,0.008999746858093342
Tunnel,1.6616539770776018e-12
