site,p.value
Weeks,1.8213665383608007e-80
ChrisCrk,6.504144326376177e-61
LeechHead,4.371727193658611e-86
CraggCrk,4.5587631752821855e-26
WestLeech,0.007918908146015776
Tunnel,3.753103325565023e-12
