site,error_mean,Hobo_median,Predicted_median,min_Hobo,min_Predicted,max_Hobo,max_Predicted
Weeks,19.386016020444412,2.897625,3.8562952439641753,-6.1189583333333335,-7.555183574141632,15.386208333333334,17.69610818592615
ChrisCrk,-35.099135859694556,3.2575416666666666,4.0261358664643705,-6.127791666666667,-7.496889841570847,15.728875,18.0012325972751
LeechHead,-39.869495204123176,2.72075,3.7806478615261514,-6.245145833333333,-7.265223904772418,15.8293125,17.177053486353543
CraggCrk,83.17749309414422,3.694010416666667,4.690507099856761,-6.24575,-7.014342081516106,17.390020833333335,18.88611888393633
WestLeech,-60.931860172992955,4.3746875,5.033416017481584,-5.0218541666666665,-6.000429941835809,16.617645833333334,18.415236773708813
Tunnel,-7.179104020359749,5.0501458333333336,5.774384181092099,-4.4556875,-5.542415383361856,20.557583333333334,19.499370361254613
