site,error_mean,Hobo_median,Predicted_median,min_Hobo,min_Predicted,max_Hobo,max_Predicted
Weeks,34.98414708158048,2.9010833333333332,3.8668880043648377,-6.1189583333333335,-7.558728384575549,15.262791666666667,17.72384695684158
ChrisCrk,-10.668114032722833,3.31715625,4.036071166250258,-6.127791666666667,-7.501315163535965,15.5658125,18.028584423168788
LeechHead,-28.858376146849988,2.7356145833333336,3.7923303615004946,-6.245145833333333,-7.26815276648033,15.673187500000001,17.206456609196582
CraggCrk,84.1571165773265,3.7478333333333333,4.696694404466923,-6.24575,-7.01314125929346,17.208895833333333,18.89835378190241
WestLeech,-61.11953638242511,4.399,5.038873493240375,-5.0218541666666665,-6.006236973517578,16.535895833333335,18.43435581589082
Tunnel,-6.917529863023039,5.050833333333333,5.779397670288768,-4.4556875,-5.545789514370752,20.536395833333334,19.514556335238183
