year,mean annual rain (mm),stdev rain. (±mm),mean max snow (m),mean temp. (°C),sd temp. (±°C),mean max. temp. (°C),sd TMin. (±°C),mean min. temp. (±°C),sd TMax. (±°C)
2018,2005.09,52.69359733402151,3.051,8.497005947164745,0.594293044639162,-10.7,1.6970562748477143,33.849999999999994,1.3435028842544392
2019,1459.9050000000002,43.52242238203197,3.051,7.9370273124233,0.6296013071768711,-13.2,0.7071067811865476,31.2,0.9899494936611655
