StationName,water_year,annual_precip_mm,max_snow_m,annual_mean_temp,temp_sd
FWx Chris Creek,2019,1839.74,3.091,7.659483447488585,7.258028753193769
FWx Chris Creek,2020,1404.49,3.091,3.1453991927208045,4.101753408890882
FWx Martins Gulch,2019,1891.5,3.011,8.603347602739726,6.92676344809117
FWx Martins Gulch,2020,1561.48,3.01,3.8024558763168694,3.865173702721418
