Year,station name,annual precip. (mm),max snow (m),mean air temp. (°C),stdev air temp. (± °C),mean max. temp. (°C),mean min. temp. (°C)
2018,FWx Chris Creek,1967.83,3.091,8.07452480164393,7.511868435339366,-11.9,34.8
2018,FWx Martins Gulch,2042.35,3.011,8.916715659693484,7.259151031113052,-9.5,32.9
2019,FWx Chris Creek,1428.3700000000001,3.091,7.484631410713776,7.239802786832115,-13.7,31.9
2019,FWx Martins Gulch,1486.66,3.011,8.375552955278405,6.942069617504289,-12.7,30.5
Jan-Feb 2020,FWx Chris Creek,837.25,3.091,1.614206705841687,3.7393867607370126,-9.6,10.5
Jan-Feb 2020,FWx Martins Gulch,930.37,3.01,2.177000172801106,3.625775450701218,-9.3,11.2
