year,mean annual rain (mm),stdev rain. (±mm),mean snow accum. (m),mean temp. (°C),st.dev temp. (±°C),min. temp. (°C),max. temp. (°C)
2018,2005.09,52.69359733402151,3.051,8.497005947164745,0.594293044639162,-10.7,33.849999999999994
2019,1459.9050000000002,43.52242238203197,3.051,7.9370273124233,0.6296013071768711,-13.2,31.2
