year,mean annual rain (mm),stdev rain. (±mm),mean snow accum. (m),mean temp. (°C),st.dev temp. (±°C),min. temp. (°C),max. temp. (°C)
2018,2005.09,52.69359733402151,3.051,8.495620230668706,0.5955188667801564,-10.7,33.849999999999994
2019,1457.515,41.21725427536383,3.051,7.93009218299609,0.6299766656668417,-13.2,31.2
2020,883.81,65.8457834640913,3.0505,1.8956034393213965,0.39795507689449233,-9.45,10.85
