StationName,water_year,annual_precip_mm,max_snow_m,annual_mean_temp,temp_sd
FWx Chris Creek,2019,1826.02,3.091,7.650134132420091,7.260617709176657
FWx Chris Creek,2020,1082.09,3.091,3.5387778066303124,4.213073525802194
FWx Martins Gulch,2019,1878.8,3.011,8.594848744292237,6.928930585626766
FWx Martins Gulch,2020,1138.67,3.01,4.213752812878657,3.954266434002263
