year,station name,annual precip. (mm),max snow (m),mean air temp. (°C),stdev air temp. (± °C),mean max. temp. (°C),mean min. temp. (°C)
2018,FWx Chris Creek,1967.83,3.091,8.076777305288394,7.508347911749399,-11.9,34.8
2018,FWx Martins Gulch,2042.35,3.011,8.917234589041096,7.258122835819918,-9.5,32.9
2019,FWx Chris Creek,1429.13,3.091,7.49183195867462,7.2351335072006275,-13.7,31.9
2019,FWx Martins Gulch,1490.68,3.011,8.38222266617198,6.936915712566092,-12.7,30.5
