StationName,water_year,annual_precip_mm,max_snow_m,annual_mean_temp,temp_sd
FWx Chris Creek,2019,1826.02,3.091,7.650134132420091,7.260617709176657
FWx Chris Creek,2020,1404.49,3.091,3.151127871100446,4.104334435599907
FWx Martins Gulch,2019,1878.8,3.011,8.594848744292237,6.928930585626766
FWx Martins Gulch,2020,1561.48,3.01,3.8060263266145618,3.8686176190211845
